Area,Total population,Young,Adults,Elderly,Populated squares,Mean X,Mean Y,Mean Z
Finland,5525292,1550967,2815224,1159101,99047,0.27318013519013,0.211753253854567,0.603029040573412
